timestamp,host,level,message
2024-12-02 23:00:00,,ERROR,Disk usage is critically high: 11%. Threshold exceeded on volume /dev/sda1.
2024-12-02 23:02:00,,INFO,CPU usage is 30%. Threshold not exceeded. System operating normally.
2024-12-02 23:04:00,,INFO,Disk usage is 92%. Disk space within acceptable limits.
2024-12-02 23:12:00,,INFO,CPU usage is 16%. Threshold not exceeded. System operating normally.
2024-12-02 23:21:00,,INFO,Kafka operation completed successfully. Processed 1500 records in 2.35 seconds.
2024-12-02 23:23:00,,ERROR,Kubernetes pod crash detected. Pod ID: kube_pod12345.
2024-12-02 23:24:00,,INFO,Disk usage is 63%. Disk space within acceptable limits.
2024-12-02 23:30:00,,INFO,Disk usage is 27%. Disk space within acceptable limits.
2024-12-02 23:38:00,,ERROR,Lambda function execution failed in AWS. Error: Invalid parameters provided.
2024-12-02 23:47:00,,INFO,CPU usage is 36%. Threshold not exceeded. System operating normally.
2024-12-02 23:51:00,,INFO,Task 'task_data_validation' in DAG 'dag_sales_pipeline' completed successfully in 45 seconds.
2024-12-02 23:58:00,,ERROR,Kubernetes pod crash detected. Pod ID: kube_pod12345.
2024-12-03 00:04:00,,ERROR,Docker container failed to start for service Airflow. Error log: Container crashed on startup.
2024-12-03 00:09:00,,ERROR,Task 'task_model_training' in DAG 'dag_data_ingestion' failed after 3 retries. Error: Data validation error in step 2.
2024-12-03 00:15:00,,INFO,Lambda function executed successfully in AWS. Execution duration: 250ms.
2024-12-03 00:25:00,,INFO,PUT request to /healthcheck succeeded. Response code: 200 OK. Response size: 1.2MB.
2024-12-03 00:29:00,,INFO,POST request to /api/v2/transactions succeeded. Response code: 200 OK. Response size: 1.2MB.
2024-12-03 01:00:00,,ERROR,Kubernetes pod crash detected. Pod ID: kube_pod12345.
2024-12-03 01:01:00,,INFO,Lambda function executed successfully in AWS. Execution duration: 250ms.
2024-12-03 01:10:00,,INFO,Phone number 9988776655 was successfully added to the system.
2024-12-03 01:12:00,,INFO,Lambda function executed successfully in AWS. Execution duration: 250ms.
2024-12-03 01:22:00,,INFO,Kubernetes operation completed successfully. Processed 1500 records in 2.35 seconds.
2024-12-03 01:26:00,,INFO,Task 'task_api_sync' in DAG 'dag_user_sync' completed successfully in 45 seconds.
2024-12-03 01:33:00,,INFO,GET request to /api/v2/transactions succeeded. Response code: 200 OK. Response size: 1.2MB.
2024-12-03 01:41:00,,ERROR,Java encountered an issue. Exception: NullPointerException in thread 'main'.
2024-12-03 01:42:00,,ERROR,Lambda function execution failed in AWS. Error: Invalid parameters provided.
2024-12-03 01:52:00,,INFO,Lambda function executed successfully in AWS. Execution duration: 250ms.
2024-12-03 02:00:00,,ERROR,Docker container failed to start for service Java. Error log: Container crashed on startup.
2024-12-03 02:01:00,,ERROR,Lambda function execution failed in AWS. Error: Invalid parameters provided.
2024-12-03 02:08:00,,ERROR,PUT request to /admin/dashboard failed. Response code: 500 Internal Server Error. Error details: Missing authentication token.
2024-12-03 02:15:00,,INFO,Kubernetes pod scaled up successfully. New replicas: 5.
2024-12-03 02:24:00,,INFO,Kafka operation completed successfully. Processed 1500 records in 2.35 seconds.
2024-12-03 02:32:00,,INFO,Azure operation completed successfully. Processed 1500 records in 2.35 seconds.
2024-12-03 02:41:00,,INFO,Published message to topic 'topic_orders' using Kubernetes. Message delivery confirmed after 10 retries.
2024-12-03 03:00:00,,INFO,Kafka operation completed successfully. Processed 1500 records in 2.35 seconds.
2024-12-03 03:04:00,,INFO,Disk usage is 78%. Disk space within acceptable limits.
2024-12-03 03:08:00,,ERROR,Docker container failed to start for service Kafka. Error log: Container crashed on startup.
2024-12-03 03:11:00,,ERROR,Failed to consume message from topic 'topic_users' using Python. Error: TimeoutException after 30 seconds.
2024-12-03 03:17:00,,INFO,CPU usage is 50%. Threshold not exceeded. System operating normally.
2024-12-03 03:27:00,,ERROR,Lambda function execution failed in AWS. Error: Invalid parameters provided.
2024-12-03 03:32:00,,INFO,Docker operation completed successfully. Processed 1500 records in 2.35 seconds.
2024-12-03 03:38:00,,INFO,CPU usage is 80%. Threshold not exceeded. System operating normally.
2024-12-03 03:39:00,,INFO,Published message to topic 'topic_events' using Python. Message delivery confirmed after 10 retries.
2024-12-03 03:42:00,,ERROR,Kubernetes pod crash detected. Pod ID: kube_pod12345.
2024-12-03 03:50:00,,ERROR,Phone number 9876543210 could not be added due to a duplicate record conflict in the database.
2024-12-03 03:57:00,,INFO,Disk usage is 68%. Disk space within acceptable limits.
2024-12-03 04:04:00,,INFO,Docker container started successfully for service Python. Container ID: abcd1234efgh5678.
2024-12-03 04:13:00,,INFO,Docker container started successfully for service Kafka. Container ID: abcd1234efgh5678.
2024-12-03 04:18:00,,ERROR,Kubernetes pod crash detected. Pod ID: kube_pod12345.
2024-12-03 04:23:00,,INFO,Kubernetes pod scaled up successfully. New replicas: 5.
2024-12-03 04:30:00,,INFO,Phone number 9988776655 was successfully added to the system.
2024-12-03 05:00:00,,ERROR,Docker container failed to start for service Airflow. Error log: Container crashed on startup.
2024-12-03 05:04:00,,ERROR,CPU usage is critically high: 35%. Immediate action required.
2024-12-03 05:07:00,,ERROR,Failed to consume message from topic 'topic_events' using Airflow. Error: TimeoutException after 30 seconds.
2024-12-03 05:14:00,,INFO,Disk usage is 85%. Disk space within acceptable limits.
2024-12-03 05:22:00,,INFO,Lambda function executed successfully in AWS. Execution duration: 250ms.
2024-12-03 05:27:00,,ERROR,AWS encountered an issue. Exception: NullPointerException in thread 'main'.
2024-12-03 05:29:00,,INFO,Disk usage is 43%. Disk space within acceptable limits.
2024-12-03 05:30:00,,INFO,Python operation completed successfully. Processed 1500 records in 2.35 seconds.
2024-12-03 05:39:00,,INFO,Phone number 9988776655 was successfully added to the system.
2024-12-03 05:45:00,,INFO,User user123@domain.org logged in from IP 192.168.0.251. Login duration: 10 minutes.
2024-12-03 05:48:00,,ERROR,Task 'task_etl' in DAG 'dag_model_training' failed after 3 retries. Error: Data validation error in step 2.
2024-12-03 05:53:00,,INFO,User user123@domain.org logged in from IP 192.168.0.179. Login duration: 10 minutes.
2024-12-03 05:56:00,,ERROR,Disk usage is critically high: 51%. Threshold exceeded on volume /dev/sda1.
2024-12-03 05:59:00,,INFO,Task 'task_etl' in DAG 'dag_data_ingestion' completed successfully in 45 seconds.
2024-12-03 06:02:00,,INFO,Kubernetes pod scaled up successfully. New replicas: 5.
2024-12-03 06:08:00,,INFO,Docker container started successfully for service Python. Container ID: abcd1234efgh5678.
2024-12-03 06:16:00,,ERROR,Phone number 9988776655 could not be added due to a duplicate record conflict in the database.
2024-12-03 07:00:00,,INFO,Docker container started successfully for service Docker. Container ID: abcd1234efgh5678.
2024-12-03 07:06:00,,INFO,POST request to /healthcheck succeeded. Response code: 200 OK. Response size: 1.2MB.
2024-12-03 07:14:00,,ERROR,Task 'task_api_sync' in DAG 'dag_data_ingestion' failed after 3 retries. Error: Data validation error in step 2.
2024-12-03 07:21:00,,INFO,User user123@domain.org logged in from IP 192.168.0.99. Login duration: 10 minutes.
2024-12-03 07:28:00,,INFO,Phone number 9988776655 was successfully added to the system.
2024-12-03 07:38:00,,INFO,GET request to /api/v1/users succeeded. Response code: 200 OK. Response size: 1.2MB.
2024-12-03 07:40:00,,INFO,Task 'task_api_sync' in DAG 'dag_data_ingestion' completed successfully in 45 seconds.
2024-12-03 07:45:00,,INFO,Lambda function executed successfully in AWS. Execution duration: 250ms.
2024-12-03 07:55:00,,INFO,Phone number 9876543210 was successfully added to the system.
2024-12-03 07:58:00,,INFO,Task 'task_model_training' in DAG 'dag_user_sync' completed successfully in 45 seconds.
2024-12-03 08:04:00,,INFO,Published message to topic 'topic_transactions' using AWS. Message delivery confirmed after 10 retries.
2024-12-03 08:12:00,,INFO,Airflow operation completed successfully. Processed 1500 records in 2.35 seconds.
2024-12-03 08:16:00,,ERROR,Kubernetes pod crash detected. Pod ID: kube_pod12345.
2024-12-03 08:22:00,,ERROR,Failed to consume message from topic 'topic_events' using Kafka. Error: TimeoutException after 30 seconds.
2024-12-03 08:23:00,,INFO,Azure operation completed successfully. Processed 1500 records in 2.35 seconds.
2024-12-03 08:26:00,,INFO,Docker container started successfully for service AWS. Container ID: abcd1234efgh5678.
2024-12-03 08:31:00,,INFO,Docker container started successfully for service AWS. Container ID: abcd1234efgh5678.
2024-12-03 09:00:00,,INFO,Disk usage is 33%. Disk space within acceptable limits.
2024-12-03 09:01:00,,INFO,Lambda function executed successfully in AWS. Execution duration: 250ms.
2024-12-03 09:11:00,,INFO,Airflow operation completed successfully. Processed 1500 records in 2.35 seconds.
2024-12-03 09:15:00,,ERROR,Task 'task_etl' in DAG 'dag_model_training' failed after 3 retries. Error: Data validation error in step 2.
2024-12-03 09:18:00,,ERROR,Docker container failed to start for service Airflow. Error log: Container crashed on startup.
2024-12-03 09:21:00,,ERROR,Phone number 9988776655 could not be added due to a duplicate record conflict in the database.
2024-12-03 09:22:00,,INFO,Docker container started successfully for service Kubernetes. Container ID: abcd1234efgh5678.
2024-12-03 09:24:00,,INFO,CPU usage is 50%. Threshold not exceeded. System operating normally.
2024-12-03 09:32:00,,ERROR,Docker container failed to start for service Azure. Error log: Container crashed on startup.
2024-12-03 09:34:00,,INFO,Docker container started successfully for service Kubernetes. Container ID: abcd1234efgh5678.
2024-12-03 09:36:00,,INFO,Disk usage is 50%. Disk space within acceptable limits.
2024-12-03 09:42:00,,INFO,Kubernetes pod scaled up successfully. New replicas: 5.
2024-12-03 09:51:00,,ERROR,Lambda function execution failed in AWS. Error: Invalid parameters provided.
2024-12-03 09:59:00,,ERROR,GET request to /api/v1/users failed. Response code: 500 Internal Server Error. Error details: Missing authentication token.
2024-12-03 10:02:00,,INFO,Lambda function executed successfully in AWS. Execution duration: 250ms.
2024-12-03 10:12:00,,ERROR,Failed to consume message from topic 'topic_events' using Kubernetes. Error: TimeoutException after 30 seconds.
2024-12-03 10:17:00,,INFO,Phone number 9123456789 was successfully added to the system.
2024-12-03 11:00:00,,ERROR,Failed to consume message from topic 'topic_events' using Azure. Error: TimeoutException after 30 seconds.
2024-12-03 11:10:00,,ERROR,GET request to /api/v1/orders failed. Response code: 500 Internal Server Error. Error details: Missing authentication token.
2024-12-03 11:16:00,,ERROR,Disk usage is critically high: 56%. Threshold exceeded on volume /dev/sda1.
2024-12-03 11:24:00,,INFO,Task 'task_etl' in DAG 'dag_model_training' completed successfully in 45 seconds.
2024-12-03 11:27:00,,ERROR,Disk usage is critically high: 13%. Threshold exceeded on volume /dev/sda1.
2024-12-03 11:37:00,,INFO,Lambda function executed successfully in AWS. Execution duration: 250ms.
2024-12-03 11:43:00,,INFO,Disk usage is 35%. Disk space within acceptable limits.
2024-12-03 11:50:00,,INFO,User user123@domain.org logged in from IP 192.168.0.106. Login duration: 10 minutes.
2024-12-03 11:56:00,,INFO,Kubernetes pod scaled up successfully. New replicas: 5.
2024-12-03 11:57:00,,ERROR,Disk usage is critically high: 21%. Threshold exceeded on volume /dev/sda1.
2024-12-03 12:02:00,,ERROR,Disk usage is critically high: 92%. Threshold exceeded on volume /dev/sda1.
2024-12-03 12:08:00,,ERROR,Disk usage is critically high: 53%. Threshold exceeded on volume /dev/sda1.
2024-12-03 12:10:00,,ERROR,Docker container failed to start for service Kubernetes. Error log: Container crashed on startup.
2024-12-03 12:11:00,,INFO,User john.doe@example.com logged in from IP 192.168.0.126. Login duration: 10 minutes.
2024-12-03 12:17:00,,INFO,GET request to /api/v1/orders succeeded. Response code: 200 OK. Response size: 1.2MB.
2024-12-03 12:27:00,,ERROR,POST request to /api/v2/transactions failed. Response code: 500 Internal Server Error. Error details: Missing authentication token.
2024-12-03 12:32:00,,INFO,Published message to topic 'topic_transactions' using Kubernetes. Message delivery confirmed after 10 retries.
2024-12-03 13:00:00,,ERROR,Task 'task_etl' in DAG 'dag_user_sync' failed after 3 retries. Error: Data validation error in step 2.
2024-12-03 13:06:00,,INFO,User john.doe@example.com logged in from IP 192.168.0.88. Login duration: 10 minutes.
2024-12-03 13:16:00,,INFO,DELETE request to /api/v1/orders succeeded. Response code: 200 OK. Response size: 1.2MB.
2024-12-03 13:23:00,,INFO,Docker container started successfully for service Kubernetes. Container ID: abcd1234efgh5678.
2024-12-03 13:25:00,,INFO,Phone number 9876543210 was successfully added to the system.
2024-12-03 13:28:00,,INFO,Task 'task_model_training' in DAG 'dag_data_ingestion' completed successfully in 45 seconds.
2024-12-03 13:32:00,,INFO,Kubernetes pod scaled up successfully. New replicas: 5.
2024-12-03 13:36:00,,INFO,CPU usage is 30%. Threshold not exceeded. System operating normally.
2024-12-03 13:42:00,,INFO,Phone number 9988776655 was successfully added to the system.
2024-12-03 13:49:00,,INFO,Phone number 9988776655 was successfully added to the system.
2024-12-03 13:51:00,,ERROR,POST request to /admin/dashboard failed. Response code: 500 Internal Server Error. Error details: Missing authentication token.
2024-12-03 13:52:00,,INFO,PUT request to /api/v1/users succeeded. Response code: 200 OK. Response size: 1.2MB.
2024-12-03 13:53:00,,ERROR,Phone number 9876543210 could not be added due to a duplicate record conflict in the database.
2024-12-03 13:57:00,,INFO,DELETE request to /healthcheck succeeded. Response code: 200 OK. Response size: 1.2MB.
2024-12-03 14:03:00,,ERROR,Phone number 9876543210 could not be added due to a duplicate record conflict in the database.
2024-12-03 14:06:00,,ERROR,Kubernetes pod crash detected. Pod ID: kube_pod12345.
2024-12-03 14:16:00,,INFO,User user123@domain.org logged in from IP 192.168.0.189. Login duration: 10 minutes.
2024-12-03 15:00:00,,INFO,Kubernetes pod scaled up successfully. New replicas: 5.
2024-12-03 15:06:00,,INFO,Docker container started successfully for service Python. Container ID: abcd1234efgh5678.
2024-12-03 15:07:00,,INFO,CPU usage is 30%. Threshold not exceeded. System operating normally.
2024-12-03 15:12:00,,INFO,Azure operation completed successfully. Processed 1500 records in 2.35 seconds.
2024-12-03 15:13:00,,INFO,Lambda function executed successfully in AWS. Execution duration: 250ms.
2024-12-03 15:23:00,,ERROR,Docker container failed to start for service Python. Error log: Container crashed on startup.
2024-12-03 15:29:00,,ERROR,POST request to /healthcheck failed. Response code: 500 Internal Server Error. Error details: Missing authentication token.
2024-12-03 15:35:00,,INFO,PATCH request to /admin/dashboard succeeded. Response code: 200 OK. Response size: 1.2MB.
2024-12-03 15:36:00,,ERROR,Disk usage is critically high: 26%. Threshold exceeded on volume /dev/sda1.
2024-12-03 15:41:00,,INFO,Python operation completed successfully. Processed 1500 records in 2.35 seconds.
2024-12-03 15:50:00,,ERROR,Phone number 9123456789 could not be added due to a duplicate record conflict in the database.
2024-12-03 15:53:00,,ERROR,Docker encountered an issue. Exception: NullPointerException in thread 'main'.
2024-12-03 15:57:00,,ERROR,Failed to consume message from topic 'topic_transactions' using AWS. Error: TimeoutException after 30 seconds.
2024-12-03 16:01:00,,INFO,Disk usage is 54%. Disk space within acceptable limits.
2024-12-03 16:06:00,,ERROR,Kubernetes encountered an issue. Exception: NullPointerException in thread 'main'.
2024-12-03 16:09:00,,ERROR,PATCH request to /api/v1/users failed. Response code: 500 Internal Server Error. Error details: Missing authentication token.
2024-12-03 16:10:00,,INFO,PUT request to /healthcheck succeeded. Response code: 200 OK. Response size: 1.2MB.
2024-12-03 17:00:00,,ERROR,Kafka encountered an issue. Exception: NullPointerException in thread 'main'.
2024-12-03 17:08:00,,INFO,Task 'task_data_validation' in DAG 'dag_sales_pipeline' completed successfully in 45 seconds.
2024-12-03 17:17:00,,INFO,User john.doe@example.com logged in from IP 192.168.0.167. Login duration: 10 minutes.
2024-12-03 17:18:00,,INFO,Docker container started successfully for service Docker. Container ID: abcd1234efgh5678.
2024-12-03 17:20:00,,INFO,Java operation completed successfully. Processed 1500 records in 2.35 seconds.
2024-12-03 17:24:00,,INFO,Lambda function executed successfully in AWS. Execution duration: 250ms.
2024-12-03 17:31:00,,ERROR,Disk usage is critically high: 64%. Threshold exceeded on volume /dev/sda1.
2024-12-03 17:39:00,,ERROR,Phone number 9876543210 could not be added due to a duplicate record conflict in the database.
2024-12-03 17:41:00,,ERROR,Task 'task_model_training' in DAG 'dag_user_sync' failed after 3 retries. Error: Data validation error in step 2.
2024-12-03 17:49:00,,INFO,User alice.smith@test.com logged in from IP 192.168.0.255. Login duration: 10 minutes.
2024-12-03 17:59:00,,INFO,User john.doe@example.com logged in from IP 192.168.0.228. Login duration: 10 minutes.
2024-12-03 18:03:00,,ERROR,Lambda function execution failed in AWS. Error: Invalid parameters provided.
2024-12-03 18:12:00,,INFO,GET request to /api/v1/users succeeded. Response code: 200 OK. Response size: 1.2MB.
2024-12-03 18:20:00,,INFO,Lambda function executed successfully in AWS. Execution duration: 250ms.
2024-12-03 18:28:00,,INFO,Docker container started successfully for service Python. Container ID: abcd1234efgh5678.
2024-12-03 18:37:00,,ERROR,CPU usage is critically high: 43%. Immediate action required.
2024-12-03 18:44:00,,INFO,Disk usage is 40%. Disk space within acceptable limits.
2024-12-03 19:00:00,,INFO,Kubernetes pod scaled up successfully. New replicas: 5.
2024-12-03 19:08:00,,INFO,Phone number 9123456789 was successfully added to the system.
2024-12-03 19:15:00,,INFO,Disk usage is 21%. Disk space within acceptable limits.
2024-12-03 19:22:00,,INFO,GET request to /healthcheck succeeded. Response code: 200 OK. Response size: 1.2MB.
2024-12-03 19:27:00,,ERROR,PATCH request to /api/v2/transactions failed. Response code: 500 Internal Server Error. Error details: Missing authentication token.
2024-12-03 19:37:00,,ERROR,Failed to consume message from topic 'topic_orders' using Airflow. Error: TimeoutException after 30 seconds.
2024-12-03 19:38:00,,INFO,CPU usage is 39%. Threshold not exceeded. System operating normally.
2024-12-03 19:46:00,,ERROR,Failed to consume message from topic 'topic_orders' using Kafka. Error: TimeoutException after 30 seconds.
2024-12-03 19:54:00,,ERROR,Lambda function execution failed in AWS. Error: Invalid parameters provided.
2024-12-03 19:55:00,,INFO,PATCH request to /admin/dashboard succeeded. Response code: 200 OK. Response size: 1.2MB.
2024-12-03 19:56:00,,INFO,AWS operation completed successfully. Processed 1500 records in 2.35 seconds.
2024-12-03 20:00:00,,INFO,Docker container started successfully for service Python. Container ID: abcd1234efgh5678.
2024-12-03 20:02:00,,INFO,Published message to topic 'topic_events' using Kubernetes. Message delivery confirmed after 10 retries.
2024-12-03 20:05:00,,ERROR,Failed to consume message from topic 'topic_users' using Airflow. Error: TimeoutException after 30 seconds.
2024-12-03 20:07:00,,INFO,Published message to topic 'topic_events' using Docker. Message delivery confirmed after 10 retries.
2024-12-03 20:08:00,,INFO,POST request to /api/v1/users succeeded. Response code: 200 OK. Response size: 1.2MB.
2024-12-03 20:10:00,,INFO,Published message to topic 'topic_transactions' using Kubernetes. Message delivery confirmed after 10 retries.
2024-12-03 21:00:00,,INFO,CPU usage is 49%. Threshold not exceeded. System operating normally.
2024-12-03 21:05:00,,INFO,PUT request to /admin/dashboard succeeded. Response code: 200 OK. Response size: 1.2MB.
2024-12-03 21:13:00,,ERROR,PATCH request to /api/v1/orders failed. Response code: 500 Internal Server Error. Error details: Missing authentication token.
2024-12-03 21:14:00,,INFO,Kubernetes pod scaled up successfully. New replicas: 5.
2024-12-03 21:18:00,,INFO,Kubernetes pod scaled up successfully. New replicas: 5.
2024-12-03 21:25:00,,ERROR,Task 'task_api_sync' in DAG 'dag_data_ingestion' failed after 3 retries. Error: Data validation error in step 2.
2024-12-03 21:33:00,,INFO,PUT request to /api/v1/users succeeded. Response code: 200 OK. Response size: 1.2MB.
2024-12-03 21:38:00,,INFO,Published message to topic 'topic_transactions' using Kubernetes. Message delivery confirmed after 10 retries.
2024-12-03 21:47:00,,INFO,Kubernetes pod scaled up successfully. New replicas: 5.
2024-12-03 21:53:00,,INFO,Phone number 9123456789 was successfully added to the system.
2024-12-03 22:02:00,,INFO,Disk usage is 63%. Disk space within acceptable limits.
2024-12-03 22:05:00,,INFO,Phone number 9988776655 was successfully added to the system.
2024-12-03 22:06:00,,INFO,Lambda function executed successfully in AWS. Execution duration: 250ms.
2024-12-03 22:10:00,,INFO,Kubernetes pod scaled up successfully. New replicas: 5.
2024-12-03 22:18:00,,ERROR,Disk usage is critically high: 41%. Threshold exceeded on volume /dev/sda1.
2024-12-03 22:21:00,,INFO,CPU usage is 23%. Threshold not exceeded. System operating normally.
2024-12-03 22:28:00,,INFO,Task 'task_api_sync' in DAG 'dag_data_ingestion' completed successfully in 45 seconds.
